{"loss": [0.3447204530239105, 0.2633340060710907, 0.2535187900066376, 0.2540120780467987, 0.24257026612758636, 0.24604319036006927, 0.23782435059547424, 0.2330009490251541, 0.2209555208683014, 0.21326236426830292, 0.20311197638511658, 0.2008911520242691, 0.19211746752262115, 0.1813005805015564, 0.16129828989505768, 0.14436869323253632, 0.1379927694797516, 0.12753541767597198, 0.1287563294172287, 0.12256220728158951, 0.11980877816677094, 0.10632769018411636, 0.10988462716341019, 0.10099095851182938, 0.09865626692771912, 0.09557031840085983, 0.08728978037834167, 0.08920248597860336, 0.08235830068588257, 0.07846757024526596, 0.0690183937549591, 0.073780857026577, 0.0657111331820488, 0.060736916959285736, 0.07047506421804428, 0.06379424035549164, 0.04878551885485649, 0.04868515208363533, 0.049325019121170044], "accuracy": [0.8153425455093384, 0.8743523359298706, 0.879389762878418, 0.8821243643760681, 0.8852907419204712, 0.8845710754394531, 0.8888888955116272, 0.8926309943199158, 0.9016983509063721, 0.9050086140632629, 0.9135003089904785, 0.9130685329437256, 0.9172423481941223, 0.9238629937171936, 0.9316350221633911, 0.9394070506095886, 0.9430052042007446, 0.9483304619789124, 0.9470351338386536, 0.9509211182594299, 0.9477547407150269, 0.9568220973014832, 0.9548071622848511, 0.9558145999908447, 0.9565342664718628, 0.9615716934204102, 0.9643062949180603, 0.9641623497009277, 0.9658894538879395, 0.968480110168457, 0.9733736515045166, 0.9691997766494751, 0.9756764769554138, 0.9758203625679016, 0.973229706287384, 0.9769718050956726, 0.9811456799507141, 0.9807139039039612, 0.9805699586868286], "val_loss": [0.28015249967575073, 0.2505558431148529, 0.2692493498325348, 0.25951385498046875, 0.24286244809627533, 0.2420075237751007, 0.22767704725265503, 0.22124192118644714, 0.2382984459400177, 0.22930774092674255, 0.20152007043361664, 0.1964792013168335, 0.1854819357395172, 0.1751905381679535, 0.16609226167201996, 0.1590883433818817, 0.14181923866271973, 0.14587253332138062, 0.14674261212348938, 0.13779716193675995, 0.14255788922309875, 0.1315513551235199, 0.13798262178897858, 0.14307358860969543, 0.1405552178621292, 0.13020852208137512, 0.12530796229839325, 0.1238434761762619, 0.13668601214885712, 0.12484634667634964, 0.14843213558197021, 0.1496737003326416, 0.12574158608913422, 0.13644346594810486, 0.12578098475933075, 0.14318498969078064, 0.11996927112340927, 0.13625194132328033, 0.1410330832004547], "val_accuracy": [0.8773747682571411, 0.8785262107849121, 0.8658607006072998, 0.882556140422821, 0.882556140422821, 0.8837075233459473, 0.8986758589744568, 0.9015544056892395, 0.8946459293365479, 0.9078871607780457, 0.9147956371307373, 0.9170984625816345, 0.9222797751426697, 0.9257340431213379, 0.930915355682373, 0.9372481107711792, 0.9418537616729736, 0.9430052042007446, 0.9481865167617798, 0.9441565871238708, 0.9435808658599854, 0.9481865167617798, 0.9458836913108826, 0.9447323083877563, 0.9481865167617798, 0.9522164463996887, 0.9522164463996887, 0.9499136209487915, 0.9527921676635742, 0.9481865167617798, 0.9470351338386536, 0.9447323083877563, 0.9510650634765625, 0.9476107954978943, 0.9522164463996887, 0.9476107954978943, 0.951640784740448, 0.951640784740448, 0.9499136209487915]}